about	1
abstract	1
actress	1
adolescence	3
adoption	1
adorable	1
adrien	1
africa	2
agatha	1
alcoholism	3
america	2
amish	1
amnesia	1
and	9
animal	3
anime	2
anne	1
anti	2
apocalyptic	1
arthur	1
artists	1
astaire	3
at	1
atmospheric	2
austere	1
australia	1
best	1
big	2
biopic	1
birds	2
black	3
bleak	1
blind	1
blindness	1
boleyn	1
books	2
boxing	1
brody	1
brothers	1
buck	1
building	1
business	5
butler	1
cambodia	1
camels	1
cancer	1
catholic	1
cattle	1
celebrity	1
characters	1
children	2
chile	1
christie	1
christmas	1
church	1
city	1
civil	2
class	1
claymation	1
clock	1
comedy	4
commentary	1
con	1
conan	1
convent	1
corrupt	1
court	3
crane	1
crazy	1
creative	1
creativity	1
crime	3
cross	2
dark	5
deafness	1
death	1
depression	1
dialogue	1
dickens	2
disability	1
disturbing	1
diving	1
divorce	2
dodie	1
download	1
drag	1
dressing	2
drive	1
dumpster	1
dvd	1
dystopia	2
eccentric	1
end	1
england	1
epic	1
eugene	1
evil	1
existential	1
fairy	1
family	2
fatherhood	1
fetishism	1
for	1
forster	1
free	1
freedom	1
fugitive	1
funny	2
future	1
gambling	1
generation	1
girl	1
gold	1
good	1
graham	1
greene	1
gritty	1
hamm	1
hammerstein	1
harsh	1
hearst	1
heist	1
henry	1
hepburn	4
hippies	1
history	1
holism	1
holocaust	2
homeless	1
human	1
humor	1
hungary	1
ii	2
illness	2
imagination	1
in	36
india	3
individualism	1
interesting	2
interracial	1
introspection	1
irreverent	1
is	1
italy	1
james	1
jon	1
journalism	1
judaism	3
katie	1
killer	1
king	1
la	1
left	1
lions	1
love	1
macbeth	1
male	1
mark	1
marriage	5
matchmaker	1
mcadams	1
mecha	1
mediacentralism	1
men	1
mental	1
metaphorical	1
military	2
mindfuck	1
missing	1
mortensen	1
most	1
motherhood	2
movie	4
movies	2
moving	1
multiple	1
murder	1
music	1
neill	1
netflix	35
new	1
nightclub	2
no	2
nudity	1
obsession	1
of	2
organization	1
orphans	1
oscar	2
parenthood	1
parrots	1
pearl	1
personalities	1
philosopical	1
political	1
politics	3
post	1
power	1
preacher	1
pregnancy	1
prejudice	1
prison	1
procedural	1
provoking	1
psychedelic	1
psychological	1
psychology	2
psychopaths	1
quakers	1
queue	34
quirky	2
race	1
rachel	2
racism	2
rap	1
reciprocal	2
religion	3
remade	2
right	1
rights	1
rogers	4
ruffalo	1
satire	1
screwball	3
semitism	2
serial	1
series	1
sexuality	2
shangri	1
ships	1
show	3
singers	1
smith	1
social	1
south	3
spectator	2
spoof	1
sports	1
stephen	1
stones	1
subway	1
summer	1
surfing	1
surreal	4
surrealism	1
sustainability	1
swashbuckler	1
sweet	1
system	1
tales	1
teenagers	1
tennessee	1
terminal	1
terrorism	1
the	3
thought	1
to	1
tolstoy	1
tracy	4
truckers	1
understated	1
up	1
versus	1
vietnam	1
viggo	1
war	4
wave	1
weird	1
weisz	1
white	1
wilde	1
williams	1
world	3
writing	1
york	1
